{
    "AS_Button_f6bfba80095f407dabbc3736b9f6f729": {
        "id": "AS_Button_f6bfba80095f407dabbc3736b9f6f729",
        "type": "ACTION_SEQUENCE",
        "params": [{
            "datatype": "collection",
            "name": "eventobject"
        }],
        "contextObj": {
            "name": "uwua997f6306fd4399a7ba28e0364a1d11",
            "type": "userwidgets",
            "KUID": "ua997f6306fd4399a7ba28e0364a1d11"
        },
        "language": "js",
        "actions": [{
            "id": "INVOKE_IDENTITY_SERVICE__e5d20925596b4317a0919818048e1147",
            "type": "INVOKE_IDENTITY_SERVICE",
            "mappings": {
                "ME_Mapping_c31272ed20e54070977d77203d8bc9d6": {
                    "channel": "common",
                    "id": "ME_Mapping_c31272ed20e54070977d77203d8bc9d6",
                    "type": "MAPPING",
                    "callbackType": null,
                    "rectified": true,
                    "source": {
                        "type": "Components",
                        "propertyName": "text",
                        "widgetId": "tbxUserName",
                        "widgetPath": "this.view.tbxUserName",
                        "widgetType": "TextField",
                        "dataType": "string",
                        "itemId": "uwua997f6306fd4399a7ba28e0364a1d11",
                        "widgetKUID": "ce03d3b81e34449d8d472cdc3b284c10",
                        "itemKUID": "ua997f6306fd4399a7ba28e0364a1d11",
                        "forkedPlatform": "all"
                    },
                    "target": {
                        "type": "Services",
                        "propertyName": "userid",
                        "dataType": "string",
                        "forkedPlatform": "all",
                        "serviceconfig": {
                            "operationname": "login",
                            "servicename": "UserRepository",
                            "type": "identity",
                            "isDeepLinkRequired": false,
                            "login_type": "basic"
                        }
                    }
                },
                "ME_Mapping_d4e839c73d9c43d0a94cfa1391046bbe": {
                    "channel": "common",
                    "id": "ME_Mapping_d4e839c73d9c43d0a94cfa1391046bbe",
                    "type": "MAPPING",
                    "callbackType": null,
                    "rectified": true,
                    "source": {
                        "type": "Components",
                        "propertyName": "text",
                        "widgetId": "tbxPassword",
                        "widgetPath": "this.view.tbxPassword",
                        "widgetType": "TextField",
                        "dataType": "string",
                        "itemId": "uwua997f6306fd4399a7ba28e0364a1d11",
                        "widgetKUID": "j94dce0c167d45089a1dec6f28406cf8",
                        "itemKUID": "ua997f6306fd4399a7ba28e0364a1d11",
                        "forkedPlatform": "all"
                    },
                    "target": {
                        "type": "Services",
                        "propertyName": "password",
                        "dataType": "string",
                        "forkedPlatform": "all",
                        "serviceconfig": {
                            "operationname": "login",
                            "servicename": "UserRepository",
                            "type": "identity",
                            "isDeepLinkRequired": false,
                            "login_type": "basic"
                        }
                    }
                }
            },
            "mappingsOrder": ["ME_Mapping_c31272ed20e54070977d77203d8bc9d6", "ME_Mapping_d4e839c73d9c43d0a94cfa1391046bbe"],
            "serviceconfig": {
                "operationname": "login",
                "servicename": "UserRepository",
                "type": "identity",
                "isDeepLinkRequired": false,
                "login_type": "basic"
            },
            "parentId": null,
            "callbackType": null,
            "enableMappingEditor": true,
            "disabled": false,
            "useDeviceBrowser": false,
            "isDeepLinkRequired": false
        }, {
            "id": "RAISE_CUSTOM_EVENT___i7060f40ccfd472a80bda2c6555952dc",
            "type": "RAISE_CUSTOM_EVENT",
            "customEvent": "loginFailureEvent",
            "inputparams": [{
                "name": "error",
                "value": " error"
            }],
            "parentId": "INVOKE_IDENTITY_SERVICE__e5d20925596b4317a0919818048e1147",
            "callbackType": "Failure"
        }, {
            "id": "RAISE_CUSTOM_EVENT___g9eefa4a3fe54188acaee22bc05afe9e",
            "type": "RAISE_CUSTOM_EVENT",
            "customEvent": "loginSuccessEvent",
            "inputparams": [{
                "name": "response",
                "value": " response"
            }],
            "parentId": "INVOKE_IDENTITY_SERVICE__e5d20925596b4317a0919818048e1147",
            "callbackType": "Success",
            "disabled": false
        }]
    }
}