{
    "AS_TextField_e0046a99df7445aab7bd23841d180b92": {
        "id": "AS_TextField_e0046a99df7445aab7bd23841d180b92",
        "type": "ACTION_SEQUENCE",
        "params": [{
            "datatype": "collection",
            "name": "eventobject"
        }, {
            "datatype": "string",
            "name": "changedtext"
        }],
        "contextObj": {
            "name": "uwua997f6306fd4399a7ba28e0364a1d11",
            "type": "userwidgets",
            "KUID": "ua997f6306fd4399a7ba28e0364a1d11"
        },
        "language": "js",
        "actions": [{
            "id": "RAISE_CUSTOM_EVENT___bc3db3cef4d04130ae25553b1793553d",
            "type": "RAISE_CUSTOM_EVENT",
            "customEvent": "validatePassword",
            "inputparams": [],
            "parentId": null,
            "callbackType": null
        }]
    }
}