{
    "@class": "com.kony.gen.viz.model.component.KVizButton",
    "DNDConfig": null,
    "__parentReadjusting__": false,
    "_height_": {
        "type": "string",
        "value": "40dp"
    },
    "_left_": {
        "type": "string",
        "value": "13dp"
    },
    "_margin_": [
        6,
        6,
        6,
        6
    ],
    "_padding_": [
        0,
        0,
        0,
        0
    ],
    "_skin_": "s4ce60e64e804cfaa40cac561791dc9c",
    "_text_": "SIGN IN",
    "_top_": {
        "type": "string",
        "value": "20dp"
    },
    "_width_": {
        "type": "string",
        "value": "90%"
    },
    "canUpdateUI": true,
    "centerx": {
        "type": "string",
        "value": "50%"
    },
    "containerweight": 100,
    "contentalignment": 5,
    "displaytext": true,
    "focusskin": "s2e9b87b910348a88401d1a62a77c606",
    "id": "btnLogin",
    "ide_onClick": "AS_Button_f6bfba80095f407dabbc3736b9f6f729",
    "info": null,
    "iscustomlayout": false,
    "isvisible": true,
    "kuid": "ec235297b39a4021ba796f2438349e11",
    "name": "kony.ui.Button",
    "parent": "flexLoginCard",
    "pf": "userwidgetmodel",
    "retaincontentalignment": false,
    "retainflexpositionproperties": false,
    "wType": "Button",
    "zindex": 1
}