{
    "DNDConfig": null,
    "__parentReadjusting__": false,
    "_height_": {
        "type": "string",
        "value": "300dp"
    },
    "_margin_": [
        0,
        0,
        0,
        0
    ],
    "_orientation_": 6,
    "_padding_": [
        0,
        0,
        0,
        0
    ],
    "_percent_": true,
    "_skin_": "sb4fc8ff04d741789317d173dd2f53e5",
    "_width_": {
        "type": "string",
        "value": "90%"
    },
    "allboxes": [],
    "autogrowmode": 0,
    "canUpdateUI": true,
    "centerx": {
        "type": "string",
        "value": "50%"
    },
    "centery": {
        "type": "string",
        "value": "55%"
    },
    "children": [
        "tbxUserName",
        "flexSeperator1",
        "tbxPassword",
        "flexSeperator2",
        "flexRememberMe",
        "btnLogin"
    ],
    "clipbounds": true,
    "containerweight": 100,
    "enablescrolling": true,
    "id": "flexLoginCard",
    "info": null,
    "iscustomlayout": false,
    "isvisible": true,
    "kuid": "c926992621ea4ddf910564e87ba0fc79",
    "layouttype": 4,
    "name": "kony.ui.FlexContainer",
    "parent": "flexLogin",
    "pf": "userwidgetmodel",
    "retaincontentalignment": false,
    "retainflexpositionproperties": false,
    "retainflowhorizontalalignment": false,
    "snapgridsize": 10,
    "snaptogrid": true,
    "wType": "FlexContainer",
    "widgetalignment": 1,
    "zindex": 1
}