{
    "AS_UWI_b3783524f8b0498782ac548eb054aa98": {
        "id": "AS_UWI_b3783524f8b0498782ac548eb054aa98",
        "type": "ACTION_SEQUENCE",
        "params": [{
            "name": "error",
            "datatype": "collection"
        }],
        "contextObj": {
            "name": "frmLogin",
            "type": "forms",
            "platform": "",
            "KUID": "jb1f96342cc1490ca16c7eebb44f9407"
        },
        "language": "js",
        "actions": [{
            "id": "INVOKE_FUNCTION___bf8526c11c39427daa87d5e93043e1ce",
            "type": "INVOKE_FUNCTION",
            "sequenceKUID": "loginFailureCallback",
            "display": "loginFailureCallback",
            "inputparams": [{
                "name": "error",
                "value": " error"
            }],
            "parentId": null,
            "callbackType": null,
            "disabled": null,
            "source": "controller"
        }]
    }
}