{
    "AS_UWI_g81930af70884412ac60c65282ad58d3": {
        "id": "AS_UWI_g81930af70884412ac60c65282ad58d3",
        "type": "ACTION_SEQUENCE",
        "params": [{
            "name": "response",
            "datatype": "collection"
        }],
        "contextObj": {
            "name": "frmLogin",
            "type": "forms",
            "platform": "",
            "KUID": "jb1f96342cc1490ca16c7eebb44f9407"
        },
        "language": "js",
        "actions": [{
            "id": "INVOKE_FUNCTION___f135f01dc00d40608a6e8932342f9c18",
            "type": "INVOKE_FUNCTION",
            "sequenceKUID": "loginSuccessCallback",
            "display": "loginSuccessCallback",
            "inputparams": [{
                "name": "response",
                "value": " response"
            }],
            "parentId": null,
            "callbackType": null,
            "disabled": null,
            "source": "controller"
        }]
    }
}