{
    "AS_UWI_a95b912570314353bc3650790b689e9e": {
        "id": "AS_UWI_a95b912570314353bc3650790b689e9e",
        "type": "ACTION_SEQUENCE",
        "params": [{
            "name": "error",
            "datatype": "collection"
        }],
        "contextObj": {
            "name": "frmLogin",
            "type": "forms",
            "platform": null,
            "KUID": "jb1f96342cc1490ca16c7eebb44f9407"
        },
        "language": "js",
        "actions": [{
            "id": "INVOKE_FUNCTION___eb8bb2b34b4840cda1f58c21892050b7",
            "type": "INVOKE_FUNCTION",
            "sequenceKUID": "loginFailureCallback",
            "display": "loginFailureCallback",
            "inputparams": [{
                "name": "error",
                "value": " error"
            }],
            "parentId": null,
            "callbackType": null,
            "disabled": null,
            "source": "controller"
        }]
    }
}