{
    "AS_UWI_jb65e4a20e77425a9078f93781c5b42a": {
        "id": "AS_UWI_jb65e4a20e77425a9078f93781c5b42a",
        "type": "ACTION_SEQUENCE",
        "params": [{
            "name": "response",
            "datatype": "collection"
        }],
        "contextObj": {
            "name": "frmLogin",
            "type": "forms",
            "platform": null,
            "KUID": "jb1f96342cc1490ca16c7eebb44f9407"
        },
        "language": "js",
        "actions": [{
            "id": "INVOKE_FUNCTION___a4325055847d4199a0bd31bbabedbc37",
            "type": "INVOKE_FUNCTION",
            "sequenceKUID": "loginSuccessCallback",
            "display": "loginSuccessCallback",
            "inputparams": [{
                "name": "response",
                "value": " response"
            }],
            "parentId": null,
            "callbackType": null,
            "disabled": null,
            "source": "controller"
        }]
    }
}