{
    "@class": "com.kony.gen.viz.model.component.KVizUserWidget",
    "DNDConfig": null,
    "__parentReadjusting__": false,
    "_children_": [],
    "_height_": {
        "type": "string",
        "value": "100%"
    },
    "_left_": {
        "type": "string",
        "value": "0dp"
    },
    "_margin_": [
        0,
        0,
        0,
        0
    ],
    "_orientation_": 1,
    "_padding_": [
        0,
        0,
        0,
        0
    ],
    "_percent_": true,
    "_skin_": "s03983ff2f534d6b9f012a4238d1079e",
    "_top_": {
        "type": "string",
        "value": "0dp"
    },
    "_width_": {
        "type": "string",
        "value": "100%"
    },
    "canUpdateUI": true,
    "clipbounds": true,
    "containerweight": 0,
    "data": {
        "ide_loginFailureEvent": "AS_UWI_b3783524f8b0498782ac548eb054aa98",
        "ide_loginSuccessEvent": "AS_UWI_g81930af70884412ac60c65282ad58d3"
    },
    "enablescrolling": true,
    "id": "basiclogin",
    "info": null,
    "iscustomlayout": false,
    "isvisible": true,
    "kuid": "e1f9b072b141481288a6749d2796d2fe",
    "layouttype": 2,
    "masterType": 1,
    "name": "kony.ui.UserWidgetInstance",
    "parent": "frmLogin",
    "pf": "frmLogin",
    "retaincontentalignment": false,
    "retainflexpositionproperties": false,
    "snapgridsize": 10,
    "snaptogrid": true,
    "sourceUserWidget": "c13e99ad5ce84b138129d0124121b382",
    "wType": "UserWidgetInstance"
}